{
  "playerHealth": 6,
  "playerPosition": {
    "x": -6.92794037,
    "y": 1.00000012,
    "z": -7.520881
  }
}